station_abbr,reference_timestamp,air_temperature_2_m_above_ground,air_temperature_at_5_cm_above_grass,air_temperature_at_surface,chill_temperature,relative_air_humidity_2_m_above_ground,dew_point_2_m_above_ground,vapour_pressure_2_m_above_ground,atmospheric_pressure_at_barometric_altitude_qfe,pressure_reduced_to_sea_level_according_to_standard_atmosphere_qnh,pressure_reduced_to_sea_level_qff,geopotential_height_of_the_850_hpa_level,geopotential_height_of_the_700_hpa_level,gust_peak_one_second,wind_speed_vectoriel,wind_speed_scalar,wind_direction,foehn_index,wind_speed,gust_peak_three_seconds,gust_peak_one_second,gust_peak_three_seconds,precipitation,snow_depth_automatic_measurement,global_radiation,diffuse_radiation,longwave_incoming_radiation,longwave_outgoing_radiation,shortwave_reflected_radiation,sunshine_duration,tso005s0,tso010s0,tso020s0
TAE,2025-12-03 00:00:00,0.0,0.3,0.2,0.0,97.7,-0.3,6.0,951.1,1014.3,1016.9,,,2.5,0.9,0.9,133,,3.2,2.4,9.0,8.6,0.0,0.0,1,0.0,315.0,320.0,-7,0,3.9,5.1,4.5
TAE,2025-12-03 00:10:00,-0.1,0.3,0.3,-0.1,100.0,-0.1,6.1,951.1,1014.3,1016.9,,,2.4,0.7,0.8,126,,2.9,2.3,8.6,8.3,0.0,0.0,1,0.0,315.0,320.0,-7,0,3.9,5.1,4.5
TAE,2025-12-03 00:20:00,0.0,0.3,0.3,0.0,100.0,0.0,6.1,951.0,1014.2,1016.7,,,1.8,0.9,0.9,139,,3.2,1.8,6.5,6.5,0.0,0.0,1,0.0,316.0,320.0,-6,0,3.9,5.1,4.5
TAE,2025-12-03 00:30:00,0.1,0.4,0.4,0.1,99.0,0.0,6.1,951.0,1014.2,1016.7,,,2.2,0.8,0.9,135,,3.2,2.1,7.9,7.6,0.0,0.0,1,0.0,316.0,320.0,-6,0,3.9,5.1,4.5
TAE,2025-12-03 00:40:00,0.2,0.5,0.5,0.2,100.0,0.2,6.2,951.0,1014.2,1016.7,,,2.0,0.7,0.8,132,,2.9,2.0,7.2,7.2,0.0,0.0,1,0.0,317.0,321.0,-6,0,3.9,5.1,4.5
TAE,2025-12-03 00:50:00,0.2,0.5,0.5,0.2,100.0,0.2,6.2,951.0,1014.2,1016.7,,,2.0,0.6,0.7,109,,2.5,2.0,7.2,7.2,0.0,0.0,1,0.0,317.0,321.0,-6,0,3.9,5.1,4.5
TAE,2025-12-03 01:00:00,0.1,0.6,0.6,0.1,99.3,0.0,6.1,950.9,1014.1,1016.6,,,2.4,0.7,0.8,130,,2.9,2.3,8.6,8.3,0.0,0.0,1,0.0,317.0,321.0,-6,0,3.9,5.1,4.5
TAE,2025-12-03 01:10:00,0.1,0.6,0.6,0.1,100.0,0.1,6.2,950.8,1014.0,1016.5,,,1.4,0.7,0.8,111,,2.9,1.4,5.0,5.0,0.0,0.0,1,0.0,317.0,321.0,-6,0,3.9,5.1,4.5
TAE,2025-12-03 01:20:00,0.2,0.7,0.7,0.2,100.0,0.2,6.2,950.8,1014.0,1016.5,,,1.6,0.4,0.5,110,,1.8,1.6,5.8,5.8,0.0,0.0,1,0.0,317.0,321.0,-6,0,3.9,5.1,4.5
TAE,2025-12-03 01:30:00,0.3,0.7,0.7,0.3,99.1,0.2,6.2,950.7,1013.9,1016.4,,,1.7,0.8,0.8,117,,2.9,1.6,6.1,5.8,0.0,0.0,1,0.0,318.0,321.0,-6,0,3.9,5.1,4.5
TAE,2025-12-03 01:40:00,0.3,0.7,0.7,0.3,99.8,0.3,6.2,950.6,1013.8,1016.2,,,1.7,0.7,0.7,114,,2.5,1.7,6.1,6.1,0.0,0.0,1,0.0,318.0,322.0,-6,0,3.9,5.1,4.5
TAE,2025-12-03 01:50:00,0.3,0.7,0.7,0.3,100.0,0.3,6.2,950.4,1013.6,1016.0,,,1.3,0.5,0.6,107,,2.2,1.3,4.7,4.7,0.0,0.0,1,0.0,318.0,322.0,-6,0,3.9,5.1,4.5
TAE,2025-12-03 02:00:00,0.4,0.8,0.7,0.4,98.2,0.1,6.2,950.4,1013.6,1016.0,,,1.9,0.8,0.8,135,,2.9,1.8,6.8,6.5,0.0,0.0,1,0.0,318.0,322.0,-6,0,3.9,5.1,4.5
TAE,2025-12-03 02:10:00,0.5,0.7,0.7,0.5,97.8,0.2,6.2,950.3,1013.4,1015.9,,,1.5,0.7,0.7,133,,2.5,1.5,5.4,5.4,0.0,0.0,1,0.0,317.0,321.0,-6,0,3.9,5.1,4.5
TAE,2025-12-03 02:20:00,0.4,0.8,0.7,0.4,99.0,0.3,6.2,950.2,1013.3,1015.8,,,1.4,0.6,0.6,114,,2.2,1.3,5.0,4.7,0.0,0.0,1,0.0,317.0,322.0,-6,0,3.9,5.1,4.5
TAE,2025-12-03 02:30:00,0.4,0.8,0.8,0.4,98.0,0.1,6.2,950.1,1013.2,1015.7,,,1.2,0.5,0.5,124,,1.8,1.1,4.3,4.0,0.0,0.0,1,0.0,318.0,322.0,-6,0,3.9,5.1,4.5
TAE,2025-12-03 02:40:00,0.5,0.8,0.8,0.5,98.8,0.3,6.3,950.1,1013.2,1015.7,,,0.8,0.3,0.3,112,,1.1,0.8,2.9,2.9,0.0,0.0,1,0.0,318.0,322.0,-6,0,3.9,5.1,4.5
TAE,2025-12-03 02:50:00,0.6,0.8,0.8,0.6,99.0,0.5,6.3,950.0,1013.1,1015.5,,,1.1,0.6,0.7,97,,2.5,1.1,4.0,4.0,0.0,0.0,1,0.0,318.0,322.0,-6,0,3.9,5.1,4.5
TAE,2025-12-03 03:00:00,0.7,0.9,0.9,0.7,97.7,0.4,6.3,950.0,1013.1,1015.5,,,1.7,0.7,0.7,107,,2.5,1.6,6.1,5.8,0.0,0.0,1,0.0,318.0,322.0,-6,0,3.9,5.1,4.5
TAE,2025-12-03 03:10:00,0.8,0.9,0.8,0.8,96.8,0.4,6.3,949.9,1013.0,1015.4,,,2.0,1.0,1.0,125,,3.6,1.9,7.2,6.8,0.0,0.0,1,0.0,318.0,322.0,-7,0,3.9,5.1,4.5
TAE,2025-12-03 03:20:00,0.6,0.9,0.8,0.6,98.1,0.3,6.3,949.9,1013.0,1015.4,,,2.3,1.2,1.3,129,,4.7,2.2,8.3,7.9,0.0,0.0,1,0.0,318.0,322.0,-7,0,3.9,5.1,4.5
TAE,2025-12-03 03:30:00,0.7,0.8,0.8,0.7,95.8,0.1,6.2,949.8,1012.9,1015.3,,,2.5,1.3,1.3,144,,4.7,2.4,9.0,8.6,0.0,0.0,1,0.0,318.0,322.0,-7,0,3.9,5.1,4.5
TAE,2025-12-03 03:40:00,0.7,0.8,0.8,0.7,97.4,0.3,6.3,949.8,1012.9,1015.3,,,2.4,1.1,1.2,135,,4.3,2.3,8.6,8.3,0.0,0.0,1,0.0,318.0,322.0,-7,0,3.9,5.1,4.5
TAE,2025-12-03 03:50:00,0.7,0.9,0.8,0.7,97.9,0.4,6.3,949.8,1012.9,1015.3,,,2.2,1.1,1.2,135,,4.3,2.1,7.9,7.6,0.0,0.0,1,0.0,318.0,322.0,-7,0,3.9,5.1,4.5
TAE,2025-12-03 04:00:00,0.7,0.9,0.9,0.7,96.8,0.3,6.2,949.6,1012.7,1015.1,,,2.3,1.1,1.1,145,,4.0,2.2,8.3,7.9,0.0,0.0,1,0.0,318.0,322.0,-6,0,3.9,5.1,4.5
TAE,2025-12-03 04:10:00,0.8,0.9,0.9,0.8,97.3,0.4,6.3,949.5,1012.6,1014.9,,,2.5,1.3,1.3,126,,4.7,2.4,9.0,8.6,0.0,0.0,1,0.0,318.0,322.0,-7,0,3.9,5.1,4.5
TAE,2025-12-03 04:20:00,0.6,0.9,0.9,0.6,98.7,0.4,6.3,949.5,1012.6,1015.0,,,1.5,0.7,0.7,123,,2.5,1.5,5.4,5.4,0.0,0.0,1,0.0,318.0,322.0,-6,0,3.9,5.1,4.5
TAE,2025-12-03 04:30:00,0.7,0.9,0.9,0.7,96.3,0.2,6.2,949.5,1012.6,1015.0,,,2.0,0.8,1.0,112,,3.6,2.0,7.2,7.2,0.0,0.0,1,0.0,318.0,322.0,-7,0,3.9,5.1,4.5
TAE,2025-12-03 04:40:00,0.7,0.9,0.9,0.7,97.4,0.3,6.3,949.4,1012.5,1014.9,,,1.3,0.6,0.7,130,,2.5,1.3,4.7,4.7,0.0,0.0,1,0.0,318.0,322.0,-6,0,3.9,5.1,4.5
TAE,2025-12-03 04:50:00,0.7,0.9,0.9,0.7,96.2,0.2,6.2,949.4,1012.5,1014.9,,,1.5,0.6,0.7,130,,2.5,1.5,5.4,5.4,0.0,0.0,1,0.0,318.0,322.0,-6,0,3.9,5.1,4.5
TAE,2025-12-03 05:00:00,0.8,0.9,0.9,0.8,97.4,0.4,6.3,949.4,1012.5,1014.8,,,1.4,0.5,0.6,130,,2.2,1.4,5.0,5.0,0.0,0.0,1,0.0,318.0,322.0,-6,0,3.9,5.1,4.5
TAE,2025-12-03 05:10:00,0.7,0.9,0.9,0.7,98.3,0.5,6.3,949.3,1012.4,1014.8,,,1.6,0.5,0.5,125,,1.8,1.5,5.8,5.4,0.0,0.0,1,0.0,318.0,322.0,-6,0,3.9,5.1,4.5
TAE,2025-12-03 05:20:00,0.8,1.0,0.9,0.8,96.6,0.3,6.3,949.4,1012.5,1014.8,,,2.1,0.8,0.9,121,,3.2,2.0,7.6,7.2,0.0,0.0,1,0.0,318.0,323.0,-6,0,3.9,5.1,4.5
TAE,2025-12-03 05:30:00,0.8,1.0,0.9,0.8,96.5,0.3,6.2,949.3,1012.4,1014.7,,,2.1,1.0,1.0,104,,3.6,2.0,7.6,7.2,0.0,0.0,1,0.0,318.0,322.0,-6,0,3.9,5.1,4.5
TAE,2025-12-03 05:40:00,0.9,1.0,1.0,0.9,96.7,0.4,6.3,949.3,1012.4,1014.7,,,2.3,1.0,1.0,97,,3.6,2.2,8.3,7.9,0.0,0.0,1,0.0,318.0,323.0,-6,0,3.9,5.1,4.5
TAE,2025-12-03 05:50:00,0.8,0.9,0.9,0.8,95.8,0.2,6.2,949.2,1012.3,1014.6,,,3.4,1.2,1.3,105,,4.7,3.2,12.2,11.5,0.0,0.0,1,0.0,318.0,322.0,-6,0,3.9,5.1,4.5
TAE,2025-12-03 06:00:00,0.8,0.9,0.9,0.8,96.7,0.3,6.3,949.4,1012.5,1014.8,,,1.8,0.6,0.7,115,,2.5,1.7,6.5,6.1,0.0,0.0,1,0.0,318.0,322.0,-6,0,3.9,5.1,4.5
TAE,2025-12-03 06:10:00,0.9,0.9,0.9,-0.6,94.9,0.2,6.2,949.3,1012.4,1014.7,,,3.1,1.3,1.4,102,,5.0,3.1,11.2,11.2,0.0,0.0,1,0.0,318.0,322.0,-7,0,3.9,5.1,4.5
TAE,2025-12-03 06:20:00,0.8,0.9,0.9,0.8,96.5,0.3,6.2,949.3,1012.4,1014.7,,,2.4,0.6,0.7,102,,2.5,2.3,8.6,8.3,0.0,0.0,1,0.0,318.0,322.0,-6,0,3.9,5.1,4.5
TAE,2025-12-03 06:30:00,0.7,0.9,0.9,0.7,96.7,0.2,6.2,949.3,1012.4,1014.8,,,2.4,1.1,1.2,104,,4.3,2.4,8.6,8.6,0.0,0.0,1,0.0,318.0,322.0,-6,0,3.9,5.1,4.5
TAE,2025-12-03 06:40:00,0.8,0.9,0.9,0.8,95.5,0.2,6.2,949.3,1012.4,1014.7,,,1.3,0.6,0.7,105,,2.5,1.3,4.7,4.7,0.0,0.0,1,0.0,318.0,322.0,-6,0,3.9,5.1,4.5
TAE,2025-12-03 06:50:00,0.7,0.9,0.9,0.7,96.7,0.2,6.2,949.4,1012.5,1014.9,,,2.1,0.7,0.7,119,,2.5,2.0,7.6,7.2,0.0,0.0,3,1.0,318.0,322.0,-6,0,3.9,5.1,4.5
TAE,2025-12-03 07:00:00,0.7,0.9,0.9,0.7,96.7,0.2,6.2,949.5,1012.6,1015.0,,,2.7,1.1,1.1,114,,4.0,2.6,9.7,9.4,0.0,0.0,4,3.0,318.0,322.0,-5,0,3.9,5.1,4.5
TAE,2025-12-03 07:10:00,0.8,0.9,0.9,0.8,96.2,0.3,6.2,949.5,1012.6,1014.9,,,1.6,0.7,0.8,121,,2.9,1.6,5.8,5.8,0.0,0.0,6,4.0,318.0,323.0,-5,0,3.9,5.1,4.5
TAE,2025-12-03 07:20:00,0.8,1.0,1.0,0.8,97.4,0.4,6.3,949.5,1012.6,1014.9,,,1.8,1.0,1.1,111,,4.0,1.8,6.5,6.5,0.0,0.0,10,9.0,318.0,323.0,-4,0,3.9,5.1,4.5
TAE,2025-12-03 07:30:00,0.8,1.1,1.1,0.8,97.9,0.5,6.3,949.5,1012.6,1014.9,,,1.8,0.7,0.8,115,,2.9,1.8,6.5,6.5,0.0,0.0,16,15.0,318.0,324.0,-3,0,3.9,5.1,4.5
TAE,2025-12-03 07:40:00,1.0,1.2,1.2,1.0,95.4,0.3,6.3,949.4,1012.5,1014.8,,,2.5,1.1,1.2,120,,4.3,2.4,9.0,8.6,0.0,0.0,22,21.0,318.0,324.0,-2,0,3.9,5.1,4.5
TAE,2025-12-03 07:50:00,0.9,1.2,1.2,0.9,97.5,0.5,6.4,949.4,1012.5,1014.8,,,2.1,0.9,1.0,129,,3.6,1.9,7.6,6.8,0.0,0.0,16,14.0,319.0,324.0,-3,0,3.9,5.1,4.5
TAE,2025-12-03 08:00:00,1.0,1.3,1.3,1.0,97.6,0.7,6.4,949.4,1012.5,1014.8,,,1.7,1.0,1.0,111,,3.6,1.6,6.1,5.8,0.0,0.0,16,14.0,319.0,325.0,-3,0,3.9,5.1,4.5
TAE,2025-12-03 08:10:00,1.0,1.4,1.4,1.0,97.1,0.6,6.4,949.5,1012.6,1014.9,,,2.1,0.8,0.9,122,,3.2,2.0,7.6,7.2,0.0,0.0,19,17.0,320.0,325.0,-2,0,3.9,5.1,4.5
TAE,2025-12-03 08:20:00,1.0,1.5,1.5,1.0,98.5,0.8,6.5,949.5,1012.6,1014.9,,,2.2,1.0,1.2,110,,4.3,2.1,7.9,7.6,0.0,0.0,23,22.0,320.0,325.0,-2,0,3.9,5.1,4.5
TAE,2025-12-03 08:30:00,1.1,1.6,1.7,1.1,97.4,0.7,6.4,949.5,1012.6,1014.9,,,1.8,0.9,0.9,115,,3.2,1.8,6.5,6.5,0.0,0.0,30,29.0,320.0,327.0,0,0,3.9,5.1,4.5
TAE,2025-12-03 08:40:00,1.1,1.7,1.8,1.1,96.9,0.7,6.4,949.5,1012.6,1014.9,,,2.6,1.2,1.3,95,,4.7,2.5,9.4,9.0,0.0,0.0,40,39.0,320.0,327.0,2,0,3.9,5.1,4.5
TAE,2025-12-03 08:50:00,1.1,1.8,1.9,-0.7,97.1,0.7,6.4,949.4,1012.5,1014.8,,,2.7,1.5,1.6,87,,5.8,2.6,9.7,9.4,0.0,0.0,46,44.0,320.0,328.0,3,0,3.9,5.1,4.5
TAE,2025-12-03 09:00:00,1.1,1.8,1.9,-0.4,97.2,0.7,6.4,949.5,1012.6,1014.9,,,2.7,1.3,1.4,121,,5.0,2.6,9.7,9.4,0.0,0.0,45,43.0,320.0,328.0,3,0,3.9,5.1,4.5
TAE,2025-12-03 09:10:00,1.1,1.8,1.9,-0.5,96.2,0.6,6.4,949.6,1012.7,1015.0,,,3.2,1.4,1.5,108,,5.4,3.1,11.5,11.2,0.0,0.0,41,39.0,320.0,328.0,2,0,4.0,5.1,4.5
TAE,2025-12-03 09:20:00,1.3,1.7,1.9,1.3,96.7,0.8,6.5,949.6,1012.7,1014.9,,,2.5,1.2,1.3,97,,4.7,2.5,9.0,9.0,0.0,0.0,37,35.0,320.0,327.0,1,0,4.0,5.1,4.5
TAE,2025-12-03 09:30:00,1.2,1.8,2.0,1.2,95.9,0.6,6.4,949.7,1012.8,1015.1,,,2.7,1.0,1.1,93,,4.0,2.6,9.7,9.4,0.0,0.0,47,46.0,320.0,328.0,4,0,4.0,5.1,4.5
TAE,2025-12-03 09:40:00,1.1,1.8,2.0,-0.5,96.6,0.6,6.4,949.6,1012.7,1015.0,,,2.8,1.4,1.5,79,,5.4,2.7,10.1,9.7,0.0,0.0,52,51.0,320.0,328.0,5,0,4.0,5.1,4.5
TAE,2025-12-03 09:50:00,1.1,1.9,2.0,1.1,95.1,0.4,6.3,949.6,1012.7,1015.0,,,2.7,1.0,1.2,122,,4.3,2.6,9.7,9.4,0.0,0.0,48,47.0,320.0,329.0,4,0,4.0,5.1,4.5
TAE,2025-12-03 10:00:00,1.3,1.9,2.0,1.3,96.0,0.7,6.4,949.6,1012.7,1014.9,,,2.8,0.8,0.9,120,,3.2,2.7,10.1,9.7,0.0,0.0,49,48.0,320.0,329.0,4,0,4.0,5.1,4.5
TAE,2025-12-03 10:10:00,1.1,2.0,2.3,-0.4,95.5,0.5,6.3,949.6,1012.7,1015.0,,,2.5,1.3,1.4,88,,5.0,2.5,9.0,9.0,0.0,0.0,77,76.0,319.0,330.0,10,0,4.0,5.1,4.5
TAE,2025-12-03 10:20:00,1.2,2.2,2.6,1.2,95.0,0.5,6.3,949.5,1012.6,1014.8,,,2.4,1.1,1.2,92,,4.3,2.3,8.6,8.3,0.0,0.0,112,110.0,319.0,333.0,17,0,4.0,5.1,4.5
TAE,2025-12-03 10:30:00,1.1,2.4,2.9,1.1,95.0,0.4,6.3,949.5,1012.6,1014.9,,,2.4,1.1,1.2,88,,4.3,2.4,8.6,8.6,0.0,0.0,93,92.0,319.0,333.0,13,0,4.0,5.1,4.5
TAE,2025-12-03 10:40:00,1.2,2.2,2.5,1.2,95.3,0.5,6.3,949.5,1012.6,1014.8,,,1.9,0.9,1.0,125,,3.6,1.8,6.8,6.5,0.0,0.0,54,53.0,320.0,331.0,5,0,4.1,5.1,4.5
TAE,2025-12-03 10:50:00,1.0,2.0,2.2,1.0,96.6,0.5,6.3,949.4,1012.5,1014.8,,,1.5,0.7,0.7,86,,2.5,1.5,5.4,5.4,0.0,0.0,40,38.0,320.0,330.0,2,0,4.1,5.1,4.5
TAE,2025-12-03 11:00:00,1.3,1.9,2.2,1.3,95.5,0.7,6.4,949.3,1012.4,1014.6,,,1.8,0.8,0.9,98,,3.2,1.7,6.5,6.1,0.0,0.0,44,42.0,320.0,330.0,3,0,4.1,5.1,4.5
TAE,2025-12-03 11:10:00,1.1,2.0,2.2,1.1,98.5,0.9,6.5,949.3,1012.4,1014.7,,,2.0,0.6,0.7,74,,2.5,1.9,7.2,6.8,0.0,0.0,42,41.0,321.0,330.0,3,0,4.1,5.1,4.5
TAE,2025-12-03 11:20:00,1.2,2.3,2.5,1.2,98.7,1.0,6.6,949.3,1012.4,1014.6,,,1.7,0.5,0.8,99,,2.9,1.6,6.1,5.8,0.0,0.0,82,80.0,321.0,333.0,11,0,4.1,5.1,4.5
TAE,2025-12-03 11:30:00,1.3,2.7,3.1,1.3,95.2,0.6,6.4,949.3,1012.4,1014.6,,,1.2,0.5,0.6,170,,2.2,1.1,4.3,4.0,0.0,0.0,97,96.0,320.0,335.0,15,0,4.1,5.1,4.5
TAE,2025-12-03 11:40:00,1.4,2.8,3.1,1.4,94.5,0.6,6.4,949.2,1012.3,1014.5,,,1.4,0.4,0.6,140,,2.2,1.4,5.0,5.0,0.0,0.0,89,87.0,320.0,336.0,13,0,4.1,5.1,4.5
TAE,2025-12-03 11:50:00,1.4,2.8,3.1,1.4,96.1,0.8,6.5,949.2,1012.3,1014.5,,,1.0,0.4,0.5,68,,1.8,1.0,3.6,3.6,0.0,0.0,81,79.0,320.0,335.0,11,0,4.2,5.1,4.5
TAE,2025-12-03 12:00:00,1.3,2.8,3.3,1.3,96.3,0.8,6.5,949.2,1012.3,1014.5,,,1.5,0.7,0.7,29,,2.5,1.4,5.4,5.0,0.0,0.0,72,70.0,321.0,334.0,9,0,4.2,5.1,4.5
TAE,2025-12-03 12:10:00,1.5,2.7,3.1,1.5,94.7,0.7,6.4,949.2,1012.3,1014.4,,,1.3,0.5,0.6,339,,2.2,1.2,4.7,4.3,0.0,0.0,66,64.0,321.0,333.0,7,0,4.2,5.1,4.5
TAE,2025-12-03 12:20:00,1.6,2.5,2.9,1.6,96.6,1.1,6.6,949.1,1012.2,1014.3,,,1.3,0.6,0.6,49,,2.2,1.3,4.7,4.7,0.0,0.0,55,54.0,321.0,333.0,6,0,4.2,5.1,4.6
TAE,2025-12-03 12:30:00,1.5,2.5,2.9,1.5,95.7,0.9,6.5,949.1,1012.2,1014.3,,,1.4,0.9,0.9,31,,3.2,1.4,5.0,5.0,0.0,0.0,54,53.0,321.0,332.0,5,0,4.3,5.1,4.6
TAE,2025-12-03 12:40:00,1.4,2.4,2.8,1.4,95.4,0.7,6.4,949.0,1012.1,1014.3,,,1.4,0.8,0.8,32,,2.9,1.3,5.0,4.7,0.0,0.0,55,53.0,321.0,332.0,5,0,4.3,5.1,4.6
TAE,2025-12-03 12:50:00,1.4,2.3,2.8,1.4,96.8,0.9,6.5,948.9,1012.0,1014.2,,,0.9,0.3,0.4,44,,1.4,0.8,3.2,2.9,0.0,0.0,52,51.0,321.0,332.0,5,0,4.3,5.1,4.6
TAE,2025-12-03 13:00:00,1.4,2.4,2.8,1.4,94.7,0.6,6.4,948.8,1011.9,1014.0,,,1.7,0.8,0.8,28,,2.9,1.6,6.1,5.8,0.0,0.0,47,46.0,321.0,332.0,4,0,4.3,5.1,4.6
TAE,2025-12-03 13:10:00,1.4,2.2,2.5,0.0,94.6,0.6,6.4,948.8,1011.9,1014.0,,,2.2,1.4,1.4,35,,5.0,2.1,7.9,7.6,0.0,0.0,42,41.0,321.0,330.0,2,0,4.3,5.1,4.6
TAE,2025-12-03 13:20:00,1.6,2.2,2.5,1.6,94.8,0.9,6.5,948.8,1011.9,1014.0,,,1.6,1.1,1.1,15,,4.0,1.6,5.8,5.8,0.0,0.0,39,38.0,320.0,330.0,2,0,4.3,5.1,4.6
TAE,2025-12-03 13:30:00,1.4,2.2,2.4,1.4,94.2,0.6,6.4,948.9,1012.0,1014.2,,,1.7,1.0,1.1,4,,4.0,1.7,6.1,6.1,0.0,0.0,35,33.0,320.0,329.0,1,0,4.3,5.1,4.6
TAE,2025-12-03 13:40:00,1.3,2.1,2.3,1.3,95.5,0.7,6.4,949.1,1012.2,1014.4,,,1.5,0.7,0.8,359,,2.9,1.5,5.4,5.4,0.0,0.0,30,28.0,320.0,329.0,0,0,4.4,5.1,4.6
TAE,2025-12-03 13:50:00,1.3,2.0,2.2,1.3,94.6,0.5,6.3,949.2,1012.3,1014.5,,,1.9,0.9,1.0,34,,3.6,1.9,6.8,6.8,0.0,0.0,27,26.0,320.0,328.0,-1,0,4.4,5.1,4.6
TAE,2025-12-03 14:00:00,1.4,1.9,2.0,1.4,95.5,0.8,6.5,949.4,1012.5,1014.7,,,1.2,0.6,0.6,325,,2.2,1.2,4.3,4.3,0.0,0.0,14,12.0,320.0,328.0,-4,0,4.4,5.1,4.6
TAE,2025-12-03 14:10:00,1.5,1.8,1.9,1.5,95.3,0.8,6.5,949.2,1012.3,1014.4,,,1.3,0.6,0.7,337,,2.5,1.2,4.7,4.3,0.0,0.0,11,9.0,320.0,327.0,-4,0,4.4,5.1,4.6
TAE,2025-12-03 14:20:00,1.3,1.9,2.0,1.3,95.2,0.6,6.4,949.2,1012.3,1014.5,,,1.3,0.7,0.7,354,,2.5,1.3,4.7,4.7,0.0,0.0,24,22.0,320.0,328.0,-1,0,4.4,5.1,4.7
TAE,2025-12-03 14:30:00,1.5,1.9,2.1,1.5,94.8,0.8,6.5,949.1,1012.2,1014.3,,,1.5,0.8,0.8,24,,2.9,1.5,5.4,5.4,0.0,0.0,19,17.0,320.0,328.0,-2,0,4.4,5.1,4.7
TAE,2025-12-03 14:40:00,1.4,1.8,2.0,1.4,95.0,0.7,6.4,949.1,1012.2,1014.4,,,1.5,0.7,0.7,31,,2.5,1.5,5.4,5.4,0.0,0.0,14,12.0,320.0,327.0,-3,0,4.4,5.1,4.7
TAE,2025-12-03 14:50:00,1.3,1.7,1.9,1.3,96.4,0.8,6.5,949.1,1012.2,1014.4,,,1.2,0.6,0.6,28,,2.2,1.2,4.3,4.3,0.0,0.0,7,5.0,321.0,327.0,-5,0,4.4,5.1,4.7
TAE,2025-12-03 15:00:00,1.2,1.6,1.8,1.2,95.5,0.6,6.4,949.2,1012.3,1014.5,,,0.9,0.5,0.5,33,,1.8,0.8,3.2,2.9,0.0,0.0,3,2.0,320.0,326.0,-6,0,4.4,5.1,4.7
TAE,2025-12-03 15:10:00,1.3,1.5,1.7,1.3,95.3,0.6,6.4,949.2,1012.3,1014.5,,,1.1,0.7,0.7,44,,2.5,1.0,4.0,3.6,0.0,0.0,4,3.0,320.0,326.0,-5,0,4.4,5.1,4.7
TAE,2025-12-03 15:20:00,1.1,1.5,1.6,1.1,96.5,0.6,6.4,949.3,1012.4,1014.7,,,0.9,0.3,0.3,70,,1.1,0.9,3.2,3.2,0.0,0.0,3,2.0,320.0,326.0,-6,0,4.4,5.1,4.7
TAE,2025-12-03 15:30:00,1.3,1.5,1.6,1.3,94.5,0.5,6.3,949.5,1012.6,1014.8,,,1.5,0.5,0.6,350,,2.2,1.4,5.4,5.0,0.0,0.0,2,1.0,320.0,326.0,-6,0,4.4,5.1,4.7
TAE,2025-12-03 15:40:00,1.5,1.6,1.6,1.5,93.3,0.5,6.4,949.6,1012.7,1014.9,,,1.6,1.0,1.1,310,,4.0,1.6,5.8,5.8,0.0,0.0,1,0.0,320.0,325.0,-6,0,4.4,5.1,4.7
TAE,2025-12-03 15:50:00,1.5,1.6,1.5,1.5,94.8,0.8,6.5,949.7,1012.8,1015.0,,,1.5,0.5,0.6,243,,2.2,1.4,5.4,5.0,0.0,0.0,1,0.0,320.0,325.0,-6,0,4.4,5.1,4.7
TAE,2025-12-03 16:00:00,1.4,1.5,1.5,1.4,95.3,0.7,6.4,949.7,1012.8,1015.0,,,1.6,0.9,0.9,318,,3.2,1.5,5.8,5.4,0.0,0.0,1,0.0,320.0,325.0,-6,0,4.4,5.1,4.7
TAE,2025-12-03 16:10:00,1.5,1.5,1.4,1.5,92.9,0.5,6.3,949.9,1013.0,1015.2,,,2.1,1.0,1.1,276,,4.0,2.0,7.6,7.2,0.0,0.0,1,0.0,319.0,325.0,-6,0,4.4,5.1,4.7
TAE,2025-12-03 16:20:00,1.3,1.4,1.3,1.3,92.8,0.3,6.2,949.9,1013.0,1015.2,,,1.5,0.8,0.8,309,,2.9,1.5,5.4,5.4,0.0,0.0,1,0.0,319.0,324.0,-6,0,4.4,5.1,4.7
TAE,2025-12-03 16:30:00,1.4,1.4,1.4,1.4,94.5,0.6,6.4,949.9,1013.0,1015.2,,,1.2,0.7,0.8,319,,2.9,1.2,4.3,4.3,0.0,0.0,1,0.0,320.0,325.0,-6,0,4.4,5.1,4.7
TAE,2025-12-03 16:40:00,1.2,1.5,1.4,1.2,95.5,0.6,6.4,949.9,1013.0,1015.3,,,1.0,0.4,0.4,292,,1.4,1.0,3.6,3.6,0.0,0.0,1,0.0,319.0,325.0,-6,0,4.3,5.1,4.7
TAE,2025-12-03 16:50:00,1.4,1.5,1.4,1.4,93.0,0.4,6.3,949.9,1013.0,1015.2,,,2.2,0.5,0.6,227,,2.2,2.1,7.9,7.6,0.0,0.0,1,0.0,319.0,325.0,-6,0,4.3,5.2,4.7
TAE,2025-12-03 17:00:00,1.4,1.4,1.3,-0.6,92.8,0.4,6.3,950.0,1013.1,1015.3,,,2.7,1.8,1.8,197,,6.5,2.6,9.7,9.4,0.0,0.0,1,0.0,319.0,324.0,-7,0,4.3,5.2,4.7
TAE,2025-12-03 17:10:00,1.3,1.3,1.3,-0.3,94.3,0.5,6.3,950.1,1013.2,1015.5,,,2.2,1.5,1.5,188,,5.4,2.2,7.9,7.9,0.0,0.0,1,0.0,319.0,324.0,-7,0,4.3,5.2,4.7
TAE,2025-12-03 17:20:00,1.3,1.3,1.2,1.3,94.2,0.5,6.3,950.2,1013.3,1015.6,,,1.9,1.2,1.2,198,,4.3,1.8,6.8,6.5,0.0,0.0,1,0.0,319.0,324.0,-7,0,4.3,5.2,4.7
TAE,2025-12-03 17:30:00,1.3,1.3,1.2,1.3,92.9,0.3,6.2,950.2,1013.3,1015.6,,,1.6,0.7,0.8,188,,2.9,1.6,5.8,5.8,0.0,0.0,1,0.0,319.0,324.0,-6,0,4.3,5.2,4.7
TAE,2025-12-03 17:40:00,1.4,1.3,1.2,1.4,90.9,0.1,6.1,950.1,1013.2,1015.4,,,1.7,0.7,0.9,220,,3.2,1.7,6.1,6.1,0.0,0.0,1,0.0,318.0,324.0,-6,0,4.3,5.2,4.7
TAE,2025-12-03 17:50:00,1.2,1.2,1.2,1.2,92.4,0.1,6.2,950.2,1013.3,1015.6,,,1.4,0.8,0.8,264,,2.9,1.3,5.0,4.7,0.0,0.0,1,0.0,318.0,324.0,-6,0,4.3,5.2,4.7
TAE,2025-12-03 18:00:00,1.1,1.2,1.2,1.1,92.7,0.1,6.1,950.3,1013.4,1015.7,,,0.9,0.4,0.4,245,,1.4,0.8,3.2,2.9,0.0,0.0,1,0.0,318.0,324.0,-6,0,4.3,5.2,4.7
TAE,2025-12-03 18:10:00,1.1,1.2,1.2,1.1,92.5,0.0,6.1,950.3,1013.4,1015.7,,,0.5,0.2,0.2,230,,0.7,0.5,1.8,1.8,0.0,0.0,1,0.0,318.0,324.0,-6,0,4.3,5.2,4.7
TAE,2025-12-03 18:20:00,1.3,1.2,1.2,1.3,91.2,0.0,6.1,950.3,1013.4,1015.7,,,1.8,0.7,0.8,237,,2.9,1.8,6.5,6.5,0.0,0.0,1,0.0,318.0,324.0,-6,0,4.3,5.2,4.7
TAE,2025-12-03 18:30:00,1.1,1.1,1.1,-0.7,90.4,-0.3,6.0,950.4,1013.6,1015.8,,,2.9,1.6,1.6,208,,5.8,2.8,10.4,10.1,0.0,0.0,1,0.0,317.0,323.0,-7,0,4.3,5.2,4.7
TAE,2025-12-03 18:40:00,1.1,0.9,0.9,-0.9,91.3,-0.2,6.0,950.5,1013.7,1015.9,,,2.8,1.8,1.8,194,,6.5,2.7,10.1,9.7,0.0,0.0,1,0.0,317.0,322.0,-7,0,4.2,5.2,4.7
TAE,2025-12-03 18:50:00,1.1,0.9,0.9,-1.1,90.4,-0.3,6.0,950.5,1013.7,1015.9,,,2.7,1.9,1.9,189,,6.8,2.7,9.7,9.7,0.0,0.0,1,0.0,317.0,322.0,-7,0,4.2,5.2,4.7
TAE,2025-12-03 19:00:00,1.1,0.9,0.9,-0.9,89.7,-0.4,5.9,950.5,1013.7,1015.9,,,3.1,1.7,1.8,198,,6.5,3.0,11.2,10.8,0.0,0.0,1,0.0,316.0,322.0,-7,0,4.2,5.2,4.7
TAE,2025-12-03 19:10:00,1.1,0.9,0.9,1.1,90.8,-0.2,6.0,950.5,1013.7,1015.9,,,2.0,0.7,0.8,224,,2.9,2.0,7.2,7.2,0.0,0.0,1,0.0,316.0,322.0,-6,0,4.2,5.2,4.7
TAE,2025-12-03 19:20:00,1.1,1.0,0.9,1.1,90.6,-0.3,6.0,950.4,1013.6,1015.8,,,2.3,1.1,1.2,260,,4.3,2.2,8.3,7.9,0.0,0.0,1,0.0,317.0,322.0,-6,0,4.2,5.2,4.7
TAE,2025-12-03 19:30:00,1.3,1.0,0.9,1.3,88.0,-0.5,5.9,950.3,1013.4,1015.7,,,1.4,0.5,0.5,203,,1.8,1.3,5.0,4.7,0.0,0.0,1,0.0,317.0,323.0,-6,0,4.2,5.2,4.7
TAE,2025-12-03 19:40:00,1.1,1.0,1.0,1.1,90.3,-0.3,6.0,950.4,1013.6,1015.8,,,1.4,0.6,0.6,201,,2.2,1.4,5.0,5.0,0.0,0.0,1,0.0,317.0,323.0,-6,0,4.2,5.2,4.7
TAE,2025-12-03 19:50:00,1.0,1.0,1.0,1.0,91.0,-0.3,6.0,950.4,1013.6,1015.9,,,1.1,0.2,0.3,166,,1.1,1.1,4.0,4.0,0.0,0.0,1,0.0,317.0,323.0,-6,0,4.2,5.2,4.7
TAE,2025-12-03 20:00:00,1.1,1.1,1.0,1.1,90.6,-0.3,6.0,950.4,1013.6,1015.8,,,1.1,0.7,0.7,312,,2.5,1.1,4.0,4.0,0.0,0.0,1,0.0,317.0,323.0,-6,0,4.2,5.2,4.7
TAE,2025-12-03 20:10:00,1.0,1.1,1.0,1.0,91.6,-0.2,6.0,950.5,1013.7,1016.0,,,1.0,0.6,0.7,353,,2.5,1.0,3.6,3.6,0.0,0.0,1,0.0,317.0,323.0,-6,0,4.2,5.2,4.7
TAE,2025-12-03 20:20:00,1.2,1.1,1.1,1.2,91.0,-0.1,6.1,950.6,1013.8,1016.0,,,0.9,0.5,0.5,330,,1.8,0.9,3.2,3.2,0.0,0.0,1,0.0,317.0,323.0,-6,0,4.2,5.2,4.7
TAE,2025-12-03 20:30:00,1.4,1.1,1.1,1.4,88.8,-0.2,6.0,950.4,1013.6,1015.8,,,1.4,0.7,0.8,299,,2.9,1.4,5.0,5.0,0.0,0.0,1,0.0,317.0,323.0,-6,0,4.2,5.2,4.7
TAE,2025-12-03 20:40:00,1.3,1.2,1.1,1.3,89.6,-0.2,6.0,950.4,1013.6,1015.8,,,1.3,0.7,0.8,294,,2.9,1.2,4.7,4.3,0.0,0.0,1,0.0,317.0,323.0,-6,0,4.2,5.2,4.7
TAE,2025-12-03 20:50:00,1.3,1.2,1.1,1.3,90.2,-0.1,6.1,950.4,1013.6,1015.8,,,1.0,0.6,0.6,326,,2.2,1.0,3.6,3.6,0.0,0.0,1,0.0,317.0,323.0,-6,0,4.2,5.2,4.7
TAE,2025-12-03 21:00:00,1.3,1.2,1.1,1.3,91.5,0.1,6.1,950.4,1013.6,1015.8,,,2.0,0.5,0.7,244,,2.5,2.0,7.2,7.2,0.0,0.0,1,0.0,318.0,323.0,-6,0,4.2,5.2,4.7
TAE,2025-12-03 21:10:00,1.4,1.2,1.1,1.4,89.1,-0.2,6.0,950.3,1013.4,1015.6,,,2.0,0.4,0.6,230,,2.2,2.0,7.2,7.2,0.0,0.0,1,0.0,317.0,324.0,-6,0,4.2,5.2,4.7
TAE,2025-12-03 21:20:00,1.3,1.2,1.1,1.3,89.1,-0.3,6.0,950.4,1013.6,1015.8,,,1.6,0.7,0.7,210,,2.5,1.6,5.8,5.8,0.0,0.0,1,0.0,317.0,323.0,-6,0,4.2,5.2,4.7
TAE,2025-12-03 21:30:00,1.4,1.1,1.1,1.4,88.0,-0.4,5.9,950.4,1013.6,1015.8,,,1.8,0.7,0.8,244,,2.9,1.8,6.5,6.5,0.0,0.0,1,0.0,317.0,323.0,-6,0,4.2,5.2,4.7
TAE,2025-12-03 21:40:00,1.2,1.1,1.0,1.2,90.3,-0.2,6.0,950.4,1013.6,1015.8,,,1.6,0.5,0.5,217,,1.8,1.6,5.8,5.8,0.0,0.0,1,0.0,317.0,323.0,-6,0,4.2,5.2,4.7
TAE,2025-12-03 21:50:00,1.3,1.1,1.0,1.3,88.9,-0.3,6.0,950.4,1013.6,1015.8,,,1.9,1.0,1.0,203,,3.6,1.9,6.8,6.8,0.0,0.0,1,0.0,316.0,323.0,-7,0,4.2,5.2,4.7
TAE,2025-12-03 22:00:00,1.3,1.1,1.0,1.3,88.9,-0.3,6.0,950.4,1013.6,1015.8,,,1.1,0.4,0.5,234,,1.8,1.1,4.0,4.0,0.0,0.0,1,0.0,316.0,323.0,-6,0,4.2,5.2,4.7
TAE,2025-12-03 22:10:00,1.2,1.2,1.1,1.2,90.4,-0.2,6.0,950.3,1013.4,1015.7,,,1.5,0.5,0.6,290,,2.2,1.5,5.4,5.4,0.0,0.0,1,0.0,317.0,323.0,-6,0,4.2,5.2,4.7
TAE,2025-12-03 22:20:00,1.2,1.2,1.1,1.2,90.1,-0.2,6.0,950.1,1013.2,1015.5,,,1.5,0.8,0.8,349,,2.9,1.5,5.4,5.4,0.0,0.0,1,0.0,317.0,323.0,-6,0,4.2,5.2,4.7
TAE,2025-12-03 22:30:00,1.2,1.2,1.1,1.2,90.3,-0.2,6.0,950.2,1013.3,1015.6,,,0.8,0.5,0.5,303,,1.8,0.8,2.9,2.9,0.0,0.0,1,0.0,317.0,323.0,-6,0,4.2,5.2,4.7
TAE,2025-12-03 22:40:00,1.4,1.3,1.1,1.4,88.9,-0.2,6.0,950.2,1013.3,1015.5,,,2.0,0.7,0.8,272,,2.9,2.0,7.2,7.2,0.0,0.0,1,0.0,318.0,323.0,-6,0,4.2,5.2,4.7
TAE,2025-12-03 22:50:00,1.3,1.3,1.1,-0.3,90.2,-0.1,6.1,950.2,1013.3,1015.6,,,2.3,1.4,1.5,285,,5.4,2.3,8.3,8.3,0.0,0.0,1,0.0,318.0,323.0,-7,0,4.2,5.2,4.7
TAE,2025-12-03 23:00:00,1.1,1.2,1.1,1.1,92.4,0.0,6.1,950.2,1013.3,1015.6,,,1.7,0.8,0.9,279,,3.2,1.7,6.1,6.1,0.0,0.0,1,0.0,318.0,323.0,-6,0,4.2,5.2,4.7
TAE,2025-12-03 23:10:00,1.4,1.3,1.1,1.4,90.4,0.0,6.1,950.1,1013.2,1015.4,,,1.4,0.7,0.7,292,,2.5,1.4,5.0,5.0,0.0,0.0,1,0.0,318.0,323.0,-6,0,4.2,5.2,4.7
TAE,2025-12-03 23:20:00,1.1,1.3,1.2,1.1,92.8,0.1,6.1,950.0,1013.1,1015.4,,,0.9,0.4,0.4,352,,1.4,0.9,3.2,3.2,0.0,0.0,1,0.0,318.0,323.0,-6,0,4.2,5.2,4.7
TAE,2025-12-03 23:30:00,1.2,1.3,1.2,1.2,93.0,0.2,6.2,950.0,1013.1,1015.4,,,1.4,0.8,0.8,328,,2.9,1.4,5.0,5.0,0.0,0.0,1,0.0,318.0,324.0,-6,0,4.2,5.2,4.7
TAE,2025-12-03 23:40:00,1.3,1.3,1.2,1.3,91.1,0.0,6.1,949.9,1013.0,1015.2,,,0.9,0.6,0.6,302,,2.2,0.9,3.2,3.2,0.0,0.0,1,0.0,319.0,324.0,-6,0,4.2,5.2,4.7
TAE,2025-12-03 23:50:00,1.2,1.3,1.2,1.2,93.2,0.2,6.2,949.9,1013.0,1015.3,,,1.7,0.6,0.7,247,,2.5,1.7,6.1,6.1,0.0,0.0,1,0.0,319.0,324.0,-6,0,4.2,5.2,4.7
